SYMB,syl,son,cons,cont,delrel,lat,nas,strid,voi,sg,cg,ant,cor,distr,lab,hi,lo,back,front,round,tense,rtr,long,splng,stres,prim
m̥,-,+,+,+,0,-,+,-,-,-,-,+,-,0,+,-,-,-,-,-,0,-,-,-,0,0
m̥ʲ,-,+,+,+,0,-,+,-,-,-,-,+,-,0,+,+,-,-,+,-,0,-,-,-,0,0
m,-,+,+,+,0,-,+,-,+,-,-,+,-,0,+,-,-,-,-,-,0,-,-,-,0,0
mʲ,-,+,+,+,0,-,+,-,+,-,-,+,-,0,+,+,-,-,+,-,0,-,-,-,0,0
mʷ,-,+,+,+,0,-,+,-,+,-,-,+,-,0,+,+,-,+,-,+,0,-,-,-,0,0
p,-,-,+,-,-,-,-,-,-,-,-,+,-,0,+,-,-,-,-,-,0,-,-,-,0,0
pʰ,-,-,+,-,-,-,-,-,-,+,-,+,-,0,+,-,-,-,-,-,0,-,-,-,0,0
pʲ,-,-,+,-,-,-,-,-,-,-,-,+,-,0,+,+,-,-,+,-,0,-,-,-,0,0
pʷ,-,-,+,-,-,-,-,-,-,-,-,+,-,0,+,+,-,+,-,+,0,-,-,-,0,0
b,-,-,+,-,-,-,-,-,+,-,-,+,-,0,+,-,-,-,-,-,0,-,-,-,0,0
bʰ,-,-,+,-,-,-,-,-,+,+,-,+,-,0,+,-,-,-,-,-,0,-,-,-,0,0
bʲ,-,-,+,-,-,-,-,-,+,-,-,+,-,0,+,+,-,-,+,-,0,-,-,-,0,0
bʷ,-,-,+,-,-,-,-,-,+,-,-,+,-,0,+,+,-,+,-,+,0,-,-,-,0,0
ɸ,-,-,+,+,0,-,-,-,-,-,-,+,-,0,+,-,-,-,-,-,0,-,-,-,0,0
ɸʲ,-,-,+,+,0,-,-,-,-,-,-,+,-,0,+,+,-,-,+,-,0,-,-,-,0,0
ɸʷ,-,-,+,+,0,-,-,-,-,-,-,+,-,0,+,+,-,+,-,+,0,-,-,-,0,0
β,-,-,+,+,0,-,-,-,+,-,-,+,-,0,+,-,-,-,-,-,0,-,-,-,0,0
βʲ,-,-,+,+,0,-,-,-,+,-,-,+,-,0,+,+,-,-,+,-,0,-,-,-,0,0
βʷ,-,-,+,+,0,-,-,-,+,-,-,+,-,0,+,+,-,+,-,+,0,-,-,-,0,0
ɱ,-,+,+,+,0,-,+,+,+,-,-,+,-,0,+,-,-,-,-,-,0,-,-,-,0,0
f,-,-,+,+,0,-,-,+,-,-,-,+,-,0,+,-,-,-,-,-,0,-,-,-,0,0
fʲ,-,-,+,+,0,-,-,+,-,-,-,+,-,0,+,+,-,-,+,-,0,-,-,-,0,0
fʷ,-,-,+,+,0,-,-,+,-,-,-,+,-,0,+,+,-,+,-,+,0,-,-,-,0,0
v,-,-,+,+,0,-,-,+,+,-,-,+,-,0,+,-,-,-,-,-,0,-,-,-,0,0
vʲ,-,-,+,+,0,-,-,+,+,-,-,+,-,0,+,+,-,-,+,-,0,-,-,-,0,0
ʋ,-,+,-,+,0,-,-,-,+,-,-,+,-,0,+,-,-,-,-,-,0,-,-,-,0,0
ʋʲ,-,+,-,+,0,-,-,-,+,-,-,+,-,0,+,+,-,-,+,-,0,-,-,-,0,0
ʋʷ,-,+,-,+,0,-,-,-,+,-,-,+,-,0,+,+,-,+,-,+,0,-,-,-,0,0
n̪,-,+,+,+,0,-,+,-,+,-,-,+,+,+,-,-,-,-,-,-,0,-,-,-,0,0
n̪ʲ,-,+,+,+,0,-,+,-,+,-,-,+,+,+,-,+,-,-,+,-,0,-,-,-,0,0
t̪,-,-,+,-,-,-,-,-,-,-,-,+,+,+,-,-,-,-,-,-,0,-,-,-,0,0
t̪ʰ,-,-,+,-,-,-,-,-,-,+,-,+,+,+,-,-,-,-,-,-,0,-,-,-,0,0
t̪ʲ,-,-,+,-,-,-,-,-,-,-,-,+,+,+,-,+,-,-,+,-,0,-,-,-,0,0
t̪ʷ,-,-,+,-,-,-,-,-,-,-,-,+,+,+,-,+,-,+,-,+,0,-,-,-,0,0
d̪,-,-,+,-,-,-,-,-,+,-,-,+,+,+,-,-,-,-,-,-,0,-,-,-,0,0
d̪ʰ,-,-,+,-,-,-,-,-,+,+,-,+,+,+,-,-,-,-,-,-,0,-,-,-,0,0
d̪ʲ,-,-,+,-,-,-,-,-,+,-,-,+,+,+,-,+,-,-,+,-,0,-,-,-,0,0
d̪ʷ,-,-,+,-,-,-,-,-,+,-,-,+,+,+,-,+,-,+,-,+,0,-,-,-,0,0
s̪,-,-,+,+,0,-,-,+,-,-,-,+,+,+,-,-,-,-,-,-,0,-,-,-,0,0
s̪ʷ,-,-,+,+,0,-,-,+,-,-,-,+,+,+,-,+,-,+,-,+,0,-,-,-,0,0
s̪ʲ,-,-,+,+,0,-,-,+,-,-,-,+,+,+,-,+,-,-,+,-,0,-,-,-,0,0
z̪,-,-,+,+,0,-,-,+,+,-,-,+,+,+,-,-,-,-,-,-,0,-,-,-,0,0
z̪ʲ,-,-,+,+,0,-,-,+,+,-,-,+,+,+,-,+,-,-,+,-,0,-,-,-,0,0
z̪ʷ,-,-,+,+,0,-,-,+,+,-,-,+,+,+,-,+,-,+,-,+,0,-,-,-,0,0
θ,-,-,+,+,0,-,-,-,-,-,-,+,+,+,-,-,-,-,-,-,0,-,-,-,0,0
θʲ,-,-,+,+,0,-,-,-,-,-,-,+,+,+,-,+,-,-,+,-,0,-,-,-,0,0
θʷ,-,-,+,+,0,-,-,-,-,-,-,+,+,+,-,+,-,+,-,+,0,-,-,-,0,0
ð,-,-,+,+,0,-,-,-,+,-,-,+,+,+,-,-,-,-,-,-,0,-,-,-,0,0
ðʲ,-,-,+,+,0,-,-,-,+,-,-,+,+,+,-,+,-,-,+,-,0,-,-,-,0,0
ðʷ,-,-,+,+,0,-,-,-,+,-,-,+,+,+,-,+,-,+,-,+,0,-,-,-,0,0
ð̞,-,+,-,+,0,-,-,-,+,-,-,+,+,+,-,-,-,-,-,-,0,-,-,-,0,0
ð̞ʲ,-,+,-,+,0,-,-,-,+,-,-,+,+,+,-,+,-,-,+,-,0,-,-,-,0,0
ð̞ʷ,-,+,-,+,0,-,-,-,+,-,-,+,+,+,-,+,-,+,-,+,0,-,-,-,0,0
l̪,-,+,+,+,0,+,-,-,+,-,-,+,+,+,-,-,-,-,-,-,0,-,-,-,0,0
l̪ʲ,-,+,+,+,0,+,-,-,+,-,-,+,+,+,-,+,-,-,+,-,0,-,-,-,0,0
ɫ̪,-,+,+,+,0,+,-,-,+,-,-,+,+,+,-,-,-,+,-,-,0,-,-,-,0,0
ɫ̪ʷ,-,+,+,+,0,+,-,-,+,-,-,+,+,+,-,+,-,+,-,+,0,-,-,-,0,
n̥,-,+,+,+,0,-,+,-,-,-,-,+,+,-,-,-,-,-,-,-,0,-,-,-,0,0
n̥ʲ,-,+,+,+,0,-,+,-,-,-,-,+,+,-,-,+,-,-,+,-,0,-,-,-,0,0
n,-,+,+,+,0,-,+,-,+,-,-,+,+,-,-,-,-,-,-,-,0,-,-,-,0,0
nʲ,-,+,+,+,0,-,+,-,+,-,-,+,+,-,-,+,-,-,+,-,0,-,-,-,0,0
nʷ,-,+,+,+,0,-,+,-,+,-,-,+,+,-,-,+,-,+,-,+,0,-,-,-,0,0
t,-,-,+,-,-,-,-,-,-,-,-,+,+,-,-,-,-,-,-,-,0,-,-,-,0,0
tʰ,-,-,+,-,-,-,-,-,-,+,-,+,+,-,-,-,-,-,-,-,0,-,-,-,0,0
tʲ,-,-,+,-,-,-,-,-,-,-,-,+,+,-,-,+,-,-,+,-,0,-,-,-,0,0
tʷ,-,-,+,-,-,-,-,-,-,-,-,+,+,-,-,+,-,+,-,+,0,-,-,-,0,0
d,-,-,+,-,-,-,-,-,+,-,-,+,+,-,-,-,-,-,-,-,0,-,-,-,0,0
dʰ,-,-,+,-,-,-,-,-,+,+,-,+,+,-,-,-,-,-,-,-,0,-,-,-,0,0
dʲ,-,-,+,-,-,-,-,-,+,-,-,+,+,-,-,+,-,-,+,-,0,-,-,-,0,0
dʷ,-,-,+,-,-,-,-,-,+,-,-,+,+,-,-,+,-,+,-,+,0,-,-,-,0,0
t͡s,-,-,+,-,+,-,-,+,-,-,-,+,+,-,-,-,-,-,-,-,0,-,-,-,0,0
t͡sʲ,-,-,+,-,+,-,-,+,-,-,-,+,+,-,-,+,-,-,+,-,0,-,-,-,0,0
t͡sʰ,-,-,+,-,+,-,-,+,-,+,-,+,+,-,-,+,-,-,+,-,0,-,-,-,0,0
d͡z,-,-,+,-,+,-,-,+,+,-,-,+,+,-,-,-,-,-,-,-,0,-,-,-,0,0
d͡zʲ,-,-,+,-,+,-,-,+,+,-,-,+,+,-,-,+,-,-,+,-,0,-,-,-,0,0
s,-,-,+,+,0,-,-,+,-,-,-,+,+,-,-,-,-,-,-,-,0,-,-,-,0,0
sʷ,-,-,+,+,0,-,-,+,-,-,-,+,+,-,-,+,-,+,-,+,0,-,-,-,0,0
s̹,-,-,+,+,0,-,-,+,-,-,-,+,+,-,-,-,-,-,-,+,0,-,-,-,0,0
sʲ,-,-,+,+,0,-,-,+,-,-,-,+,+,-,-,+,-,-,+,-,0,-,-,-,0,0
z,-,-,+,+,0,-,-,+,+,-,-,+,+,-,-,-,-,-,-,-,0,-,-,-,0,0
zʲ,-,-,+,+,0,-,-,+,+,-,-,+,+,-,-,+,-,-,+,-,0,-,-,-,0,0
zʷ,-,-,+,+,0,-,-,+,+,-,-,+,+,-,-,+,-,+,-,+,0,-,-,-,0,0
ɾ̥,-,+,+,-,-,-,-,-,-,-,-,+,+,-,-,-,-,-,-,-,0,-,-,-,0,0
ɾ,-,+,+,-,-,-,-,-,+,-,-,+,+,-,-,-,-,-,-,-,0,-,-,-,0,0
ɾ̃,-,+,+,-,-,-,+,-,+,-,-,+,+,-,-,-,-,-,-,-,0,-,-,-,0,0
ɾʲ,-,+,+,-,-,-,-,-,+,-,-,+,+,-,-,+,-,-,+,-,0,-,-,-,0,0
ɾʷ,-,+,+,-,-,-,-,-,+,-,-,+,+,-,-,+,-,+,-,+,0,-,-,-,0,0
r̥,-,+,+,+,0,-,-,-,-,-,-,+,+,-,-,-,-,-,-,-,0,-,-,-,0,0
r,-,+,+,+,0,-,-,-,+,-,-,+,+,-,-,-,-,-,-,-,0,-,-,-,0,0
rʲ,-,+,+,+,0,-,-,-,+,-,-,+,+,-,-,+,-,-,+,-,0,-,-,-,0,0
rʷ,-,+,+,+,0,-,-,-,+,-,-,+,+,-,-,+,-,+,-,+,0,-,-,-,0,0
ə˞,+,+,-,+,0,-,-,-,+,-,-,+,+,-,-,-,-,-,-,-,0,-,-,-,-,-
ˌɜ˞,+,+,-,+,0,-,-,-,+,-,-,+,+,-,-,-,-,-,-,-,-,-,-,-,+,-
ˈɜ˞,+,+,-,+,0,-,-,-,+,-,-,+,+,-,-,-,-,-,-,-,-,-,-,-,+,+
ɹ,-,+,-,+,0,-,-,-,+,-,-,+,+,-,-,-,-,-,-,-,0,-,-,-,0,0
ɹʲ,-,+,-,+,0,-,-,-,+,-,-,+,+,-,-,+,-,-,+,-,0,-,-,-,0,0
ɹʷ,-,+,-,+,0,-,-,-,+,-,-,+,+,-,-,+,-,+,-,+,0,-,-,-,0,0
ɬ,-,-,+,+,0,+,-,-,-,-,-,+,+,-,-,-,-,-,-,-,0,-,-,-,0,0
ɮ,-,-,+,+,0,+,-,-,+,-,-,+,+,-,-,-,-,-,-,-,0,-,-,-,0,0
l̥,-,+,+,+,0,+,-,-,-,-,-,+,+,-,-,-,-,-,-,-,0,-,-,-,0,0
l,-,+,+,+,0,+,-,-,+,-,-,+,+,-,-,-,-,-,-,-,0,-,-,-,0,0
lʲ,-,+,+,+,0,+,-,-,+,-,-,+,+,-,-,+,-,-,+,-,0,-,-,-,0,0
ɫ,-,+,+,+,0,+,-,-,+,-,-,+,+,-,-,-,-,+,-,-,0,-,-,-,0,0
ɫʷ,-,+,+,+,0,+,-,-,+,-,-,+,+,-,-,+,-,+,-,+,0,-,-,-,0,0
ɺ,-,+,+,-,-,+,-,-,+,-,-,+,+,+,-,-,-,-,-,-,0,-,-,-,0,0
t͡ʃ,-,-,+,-,+,-,-,+,-,-,-,-,+,+,-,-,-,-,+,-,0,-,-,-,0,0
t͡ʃʰ,-,-,+,-,+,-,-,+,-,+,-,-,+,+,-,-,-,-,+,-,0,-,-,-,0,0
d͡ʒ,-,-,+,-,+,-,-,+,+,-,-,-,+,+,-,-,-,-,+,-,0,-,-,-,0,0
ʃ,-,-,+,+,0,-,-,+,-,-,-,-,+,+,-,-,-,-,+,-,0,-,-,-,0,0
ʃʷ,-,-,+,+,0,-,-,+,-,-,-,-,+,+,+,-,-,-,+,+,0,-,-,-,0,0
ʒ,-,-,+,+,0,-,-,+,+,-,-,-,+,+,-,-,-,-,+,-,0,-,-,-,0,0
ʒʷ,-,-,+,+,0,-,-,+,+,-,-,-,+,+,+,-,-,-,+,+,0,-,-,-,0,0
ɹ̠,-,+,-,+,0,-,-,-,+,-,-,-,+,+,-,-,-,-,-,-,0,-,-,-,0,0
ɲ,-,+,+,+,0,-,+,-,+,-,-,-,-,0,-,+,-,-,+,-,0,-,-,-,0,0
c,-,-,+,-,-,-,-,-,-,-,-,-,-,0,-,+,-,-,+,-,0,-,-,-,0,0
cʰ,-,-,+,-,-,-,-,-,-,+,-,-,-,0,-,+,-,-,+,-,0,-,-,-,0,0
ɟ,-,-,+,-,-,-,-,-,+,-,-,-,-,0,-,+,-,-,+,-,0,-,-,-,0,0
ɟʰ,-,-,+,-,-,-,-,-,+,+,-,-,-,0,-,+,-,-,+,-,0,-,-,-,0,0
c͡ɕ,-,-,+,-,+,-,-,+,-,-,-,-,-,0,-,+,-,-,+,-,0,-,-,-,0,0
ɟ͡ʑ,-,-,+,-,+,-,-,+,+,-,-,-,-,0,-,+,-,-,+,-,0,-,-,-,0,0
c͡ç,-,-,+,-,+,-,-,-,-,-,-,-,-,0,-,+,-,-,+,-,0,-,-,-,0,0
ɟ͡ʝ,-,-,+,-,+,-,-,-,+,-,-,-,-,0,-,+,-,-,+,-,0,-,-,-,0,0
ɕ,-,-,+,+,0,-,-,+,-,-,-,-,-,0,-,+,-,-,+,-,0,-,-,-,0,0
ʑ,-,-,+,+,0,-,-,+,+,-,-,-,-,0,-,+,-,-,+,-,0,-,-,-,0,0
ç,-,-,+,+,0,-,-,-,-,-,-,-,-,0,-,+,-,-,+,-,0,-,-,-,0,0
ʝ,-,-,+,+,0,-,-,-,+,-,-,-,-,0,-,+,-,-,+,-,0,-,-,-,0,0
ʎ,-,+,+,+,0,+,-,-,+,-,-,-,-,0,-,+,-,-,+,-,0,-,-,-,0,0
ʎˠ,-,+,+,+,0,+,-,-,+,-,-,-,-,0,-,+,-,+,+,-,0,-,-,-,0,0
ŋ,-,+,+,+,0,-,+,-,+,-,-,-,-,0,-,+,-,+,-,-,0,-,-,-,0,0
k,-,-,+,-,-,-,-,-,-,-,-,-,-,0,-,+,-,+,-,-,0,-,-,-,0,0
kʰ,-,-,+,-,-,-,-,-,-,+,-,-,-,0,-,+,-,+,-,-,0,-,-,-,0,0
kʲ,-,-,+,-,-,-,-,-,-,-,-,-,-,0,-,+,-,+,+,-,0,-,-,-,0,0
kʷ,-,-,+,-,-,-,-,-,-,-,-,-,-,0,+,+,-,+,-,+,0,-,-,-,0,0
kᶣ,-,-,+,-,-,-,-,-,-,-,-,-,-,0,+,+,-,+,+,-,0,-,-,-,0,0
ɡ,-,-,+,-,-,-,-,-,+,-,-,-,-,0,-,+,-,+,-,-,0,-,-,-,0,0
ɡʰ,-,-,+,-,-,-,-,-,+,+,-,-,-,0,-,+,-,+,-,-,0,-,-,-,0,0
ɡʲ,-,-,+,-,-,-,-,-,+,-,-,-,-,0,-,+,-,+,+,-,0,-,-,-,0,0
ɡʷ,-,-,+,-,-,-,-,-,+,-,-,-,-,0,+,+,-,+,-,+,0,-,-,-,0,0
ɡᶣ,-,-,+,-,-,-,-,-,+,-,-,-,-,0,+,+,-,+,+,-,0,-,-,-,0,0
x,-,-,+,+,0,-,-,-,-,-,-,-,-,0,-,+,-,+,-,-,0,-,-,-,0,0
xʲ,-,-,+,+,0,-,-,-,-,-,-,-,-,0,-,+,-,+,+,-,0,-,-,-,0,0
xʷ,-,-,+,+,0,-,-,-,-,-,-,-,-,0,+,+,-,+,-,+,0,-,-,-,0,0
ɣ,-,-,+,+,0,-,-,-,+,-,-,-,-,0,-,+,-,+,-,-,0,-,-,-,0,0
ɣʲ,-,-,+,+,0,-,-,-,+,-,-,-,-,0,-,+,-,+,+,-,0,-,-,-,0,0
ɣʷ,-,-,+,+,0,-,-,-,+,-,-,-,-,0,+,+,-,+,-,+,0,-,-,-,0,0
ʟ,-,+,+,+,0,+,-,-,+,-,-,-,-,0,-,+,-,+,-,-,-,-,-,-,0,0
q,-,-,+,-,-,-,-,-,-,-,-,-,-,0,-,-,-,+,-,-,0,-,-,-,0,0
qʷ,-,-,+,-,-,-,-,-,-,-,-,-,-,0,+,-,-,+,-,+,0,-,-,-,0,0
qʰ,-,-,+,-,-,-,-,-,-,+,-,-,-,0,-,-,-,+,-,-,0,-,-,-,0,0
ɢ,-,-,+,-,-,-,-,-,+,-,-,-,-,0,-,-,-,+,-,-,0,-,-,-,0,0
ɢʷ,-,-,+,-,-,-,-,-,+,-,-,-,-,0,+,-,-,+,-,+,0,-,-,-,0,0
ɢʰ,-,-,+,-,-,-,-,-,+,+,-,-,-,0,-,-,-,+,-,-,0,-,-,-,0,0
χ,-,-,+,+,0,-,-,+,-,-,-,-,-,0,-,-,-,+,-,-,0,-,-,-,0,0
χʷ,-,-,+,+,0,-,-,+,-,-,-,-,-,0,+,-,-,+,-,+,0,-,-,-,0,0
ʁ,-,-,+,+,0,-,-,+,+,-,-,-,-,0,-,-,-,+,-,-,0,-,-,-,0,0
ʁʷ,-,-,+,+,0,-,-,+,+,-,-,-,-,0,+,-,-,+,-,+,0,-,-,-,0,0
ʀ,-,+,+,+,0,-,-,+,+,-,-,-,-,0,-,-,-,+,-,-,0,-,-,-,0,0
ʀ̆,-,+,+,-,0,-,-,-,+,-,-,-,-,0,-,-,-,+,-,-,0,-,-,-,0,0
ʁ̝,-,+,-,+,0,-,-,-,+,-,-,-,-,0,-,-,-,+,-,-,0,-,-,-,0,0
ħ,-,-,+,+,0,-,-,-,-,-,-,-,-,0,-,-,+,+,-,-,0,-,-,-,0,0
ħʷ,-,-,+,+,0,-,-,-,-,-,-,-,-,0,+,-,+,+,-,+,0,-,-,-,0,0
ʕ,-,-,+,+,0,-,-,-,+,-,-,-,-,0,-,-,+,+,-,-,0,-,-,-,0,0
ʕʷ,-,-,+,+,0,-,-,-,+,-,-,-,-,0,+,-,+,+,-,+,0,-,-,-,0,0
ʜ,-,+,+,+,0,-,-,-,-,-,-,-,-,0,-,-,+,+,-,-,0,-,-,-,0,0
ʢ,-,+,+,+,0,-,-,-,+,-,-,-,-,0,-,-,+,+,-,-,0,-,-,-,0,0
ʕ̞,-,+,-,+,0,-,-,-,+,-,-,-,-,0,-,-,+,+,-,-,0,-,-,-,0,0
ʔ,-,-,-,-,-,-,-,-,-,-,-,-,-,0,-,-,-,-,-,-,0,-,-,-,0,0
h,-,-,-,+,0,-,-,-,-,+,-,-,-,0,-,-,-,-,-,-,0,-,-,-,0,0
ɦ,-,-,-,+,0,-,-,-,+,+,-,-,-,0,-,-,-,-,-,-,0,-,-,-,0,0
j,-,+,-,+,0,-,-,-,+,-,-,-,-,0,-,+,-,-,+,-,+,-,-,-,0,0
j̃,-,+,-,+,0,-,+,-,+,-,-,-,-,0,-,+,-,-,+,-,+,-,-,-,0,0
i,+,+,-,+,0,-,-,-,+,-,-,-,-,0,-,+,-,-,+,-,+,-,-,-,-,-
ˌi,+,+,-,+,0,-,-,-,+,-,-,-,-,0,-,+,-,-,+,-,+,-,-,-,+,-
ˈi,+,+,-,+,0,-,-,-,+,-,-,-,-,0,-,+,-,-,+,-,+,-,-,-,+,+
ĩ,+,+,-,+,0,-,+,-,+,-,-,-,-,0,-,+,-,-,+,-,+,-,-,-,-,-
ˌĩ,+,+,-,+,0,-,+,-,+,-,-,-,-,0,-,+,-,-,+,-,+,-,-,-,+,-
ˈĩ,+,+,-,+,0,-,+,-,+,-,-,-,-,0,-,+,-,-,+,-,+,-,-,-,+,+
iː,+,+,-,+,0,-,-,-,+,-,-,-,-,0,-,+,-,-,+,-,+,-,+,-,-,-
ˌiː,+,+,-,+,0,-,-,-,+,-,-,-,-,0,-,+,-,-,+,-,+,-,+,-,+,-
ˈiː,+,+,-,+,0,-,-,-,+,-,-,-,-,0,-,+,-,-,+,-,+,-,+,-,+,+
ĩː,+,+,-,+,0,-,+,-,+,-,-,-,-,0,-,+,-,-,+,-,+,-,+,-,-,-
ˌĩː,+,+,-,+,0,-,+,-,+,-,-,-,-,0,-,+,-,-,+,-,+,-,+,-,+,-
ˈĩː,+,+,-,+,0,-,+,-,+,-,-,-,-,0,-,+,-,-,+,-,+,-,+,-,+,+
ɥ,-,+,-,+,0,-,-,-,+,-,-,-,-,0,+,+,-,-,+,+,+,-,-,-,0,0
ɥ̃,-,+,-,+,0,-,+,-,+,-,-,-,-,0,+,+,-,-,+,+,+,-,-,-,0,0
y,+,+,-,+,0,-,-,-,+,-,-,-,-,0,+,+,-,-,+,+,+,-,-,-,-,-
ˌy,+,+,-,+,0,-,-,-,+,-,-,-,-,0,+,+,-,-,+,+,+,-,-,-,+,-
ˈy,+,+,-,+,0,-,-,-,+,-,-,-,-,0,+,+,-,-,+,+,+,-,-,-,+,+
ỹ,+,+,-,+,0,-,+,-,+,-,-,-,-,0,+,+,-,-,+,+,+,-,-,-,-,-
ˌỹ,+,+,-,+,0,-,+,-,+,-,-,-,-,0,+,+,-,-,+,+,+,-,-,-,+,-
ˈỹ,+,+,-,+,0,-,+,-,+,-,-,-,-,0,+,+,-,-,+,+,+,-,-,-,+,+
yː,+,+,-,+,0,-,-,-,+,-,-,-,-,0,+,+,-,-,+,+,+,-,+,-,-,-
ˌyː,+,+,-,+,0,-,-,-,+,-,-,-,-,0,+,+,-,-,+,+,+,-,+,-,+,-
ˈyː,+,+,-,+,0,-,-,-,+,-,-,-,-,0,+,+,-,-,+,+,+,-,+,-,+,+
ỹː,+,+,-,+,0,-,+,-,+,-,-,-,-,0,+,+,-,-,+,+,+,-,+,-,-,-
ˌỹː,+,+,-,+,0,-,+,-,+,-,-,-,-,0,+,+,-,-,+,+,+,-,+,-,+,-
ˈỹː,+,+,-,+,0,-,+,-,+,-,-,-,-,0,+,+,-,-,+,+,+,-,+,-,+,+
ɪ̯,-,+,-,+,0,-,-,-,+,-,-,-,-,0,-,+,-,-,+,-,-,-,-,-,0,0
ɪ̯̃,-,+,-,+,0,-,+,-,+,-,-,-,-,0,-,+,-,-,+,-,-,-,-,-,0,0
ɪ,+,+,-,+,0,-,-,-,+,-,-,-,-,0,-,+,-,-,+,-,-,-,-,-,-,-
ˌɪ,+,+,-,+,0,-,-,-,+,-,-,-,-,0,-,+,-,-,+,-,-,-,-,-,+,-
ˈɪ,+,+,-,+,0,-,-,-,+,-,-,-,-,0,-,+,-,-,+,-,-,-,-,-,+,+
ɪ̃,+,+,-,+,0,-,+,-,+,-,-,-,-,0,-,+,-,-,+,-,-,-,-,-,-,-
ˌɪ̃,+,+,-,+,0,-,+,-,+,-,-,-,-,0,-,+,-,-,+,-,-,-,-,-,+,-
ˈɪ̃,+,+,-,+,0,-,+,-,+,-,-,-,-,0,-,+,-,-,+,-,-,-,-,-,+,+
ʏ̯,-,+,-,+,0,-,-,-,+,-,-,-,-,0,+,+,-,-,+,+,-,-,-,-,0,0
ʏ̯̃,-,+,-,+,0,-,+,-,+,-,-,-,-,0,+,+,-,-,+,+,-,-,-,-,0,0
ʏ,+,+,-,+,0,-,-,-,+,-,-,-,-,0,+,+,-,-,+,+,-,-,-,-,-,-
ˌʏ,+,+,-,+,0,-,-,-,+,-,-,-,-,0,+,+,-,-,+,+,-,-,-,-,+,-
ˈʏ,+,+,-,+,0,-,-,-,+,-,-,-,-,0,+,+,-,-,+,+,-,-,-,-,+,+
ʏ̃,+,+,-,+,0,-,+,-,+,-,-,-,-,0,+,+,-,-,+,+,-,-,-,-,-,-
ˌʏ̃,+,+,-,+,0,-,+,-,+,-,-,-,-,0,+,+,-,-,+,+,-,-,-,-,+,-
ˈʏ̃,+,+,-,+,0,-,+,-,+,-,-,-,-,0,+,+,-,-,+,+,-,-,-,-,+,+
e̯,-,+,-,+,0,-,-,-,+,-,-,-,-,0,-,-,-,-,+,-,+,-,-,-,0,0
ẽ̯,-,+,-,+,0,-,+,-,+,-,-,-,-,0,-,-,-,-,+,-,+,-,-,-,0,0
e,+,+,-,+,0,-,-,-,+,-,-,-,-,0,-,-,-,-,+,-,+,-,-,-,-,-
ˌe,+,+,-,+,0,-,-,-,+,-,-,-,-,0,-,-,-,-,+,-,+,-,-,-,+,-
ˈe,+,+,-,+,0,-,-,-,+,-,-,-,-,0,-,-,-,-,+,-,+,-,-,-,+,+
ẽ,+,+,-,+,0,-,+,-,+,-,-,-,-,0,-,-,-,-,+,-,+,-,-,-,-,-
ˌẽ,+,+,-,+,0,-,+,-,+,-,-,-,-,0,-,-,-,-,+,-,+,-,-,-,+,-
ˈẽ,+,+,-,+,0,-,+,-,+,-,-,-,-,0,-,-,-,-,+,-,+,-,-,-,+,+
eː,+,+,-,+,0,-,-,-,+,-,-,-,-,0,-,-,-,-,+,-,+,-,+,-,-,-
ˌeː,+,+,-,+,0,-,-,-,+,-,-,-,-,0,-,-,-,-,+,-,+,-,+,-,+,-
ˈeː,+,+,-,+,0,-,-,-,+,-,-,-,-,0,-,-,-,-,+,-,+,-,+,-,+,+
ẽː,+,+,-,+,0,-,+,-,+,-,-,-,-,0,-,-,-,-,+,-,+,-,+,-,-,-
ˌẽː,+,+,-,+,0,-,+,-,+,-,-,-,-,0,-,-,-,-,+,-,+,-,+,-,+,-
ˈẽː,+,+,-,+,0,-,+,-,+,-,-,-,-,0,-,-,-,-,+,-,+,-,+,-,+,+
ø̯,-,+,-,+,0,-,-,-,+,-,-,-,-,0,+,-,-,-,+,+,+,-,-,-,0,0
ø̯̃,-,+,-,+,0,-,+,-,+,-,-,-,-,0,+,-,-,-,+,+,+,-,-,-,0,0
ø,+,+,-,+,0,-,-,-,+,-,-,-,-,0,+,-,-,-,+,+,+,-,-,-,-,-
ˌø,+,+,-,+,0,-,-,-,+,-,-,-,-,0,+,-,-,-,+,+,+,-,-,-,+,-
ˈø,+,+,-,+,0,-,-,-,+,-,-,-,-,0,+,-,-,-,+,+,+,-,-,-,+,+
ø̃,+,+,-,+,0,-,+,-,+,-,-,-,-,0,+,-,-,-,+,+,+,-,-,-,-,-
ˌø̃,+,+,-,+,0,-,+,-,+,-,-,-,-,0,+,-,-,-,+,+,+,-,-,-,+,-
ˈø̃,+,+,-,+,0,-,+,-,+,-,-,-,-,0,+,-,-,-,+,+,+,-,-,-,+,+
øː,+,+,-,+,0,-,-,-,+,-,-,-,-,0,+,-,-,-,+,+,+,-,+,-,-,-
ˌøː,+,+,-,+,0,-,-,-,+,-,-,-,-,0,+,-,-,-,+,+,+,-,+,-,+,-
ˈøː,+,+,-,+,0,-,-,-,+,-,-,-,-,0,+,-,-,-,+,+,+,-,+,-,+,+
ø̃ː,+,+,-,+,0,-,+,-,+,-,-,-,-,0,+,-,-,-,+,+,+,-,+,-,-,-
ˌø̃ː,+,+,-,+,0,-,+,-,+,-,-,-,-,0,+,-,-,-,+,+,+,-,+,-,+,-
ˈø̃ː,+,+,-,+,0,-,+,-,+,-,-,-,-,0,+,-,-,-,+,+,+,-,+,-,+,+
ɛ̯,-,+,-,+,0,-,-,-,+,-,-,-,-,0,-,-,-,-,+,-,-,-,-,-,0,0
ɛ̯̃,-,+,-,+,0,-,+,-,+,-,-,-,-,0,-,-,-,-,+,-,-,-,-,-,0,0
ɛ,+,+,-,+,0,-,-,-,+,-,-,-,-,0,-,-,-,-,+,-,-,-,-,-,-,-
ˌɛ,+,+,-,+,0,-,-,-,+,-,-,-,-,0,-,-,-,-,+,-,-,-,-,-,+,-
ˈɛ,+,+,-,+,0,-,-,-,+,-,-,-,-,0,-,-,-,-,+,-,-,-,-,-,+,+
ɛ̃,+,+,-,+,0,-,+,-,+,-,-,-,-,0,-,-,-,-,+,-,-,-,-,-,-,-
ˌɛ̃,+,+,-,+,0,-,+,-,+,-,-,-,-,0,-,-,-,-,+,-,-,-,-,-,+,-
ˈɛ̃,+,+,-,+,0,-,+,-,+,-,-,-,-,0,-,-,-,-,+,-,-,-,-,-,+,+
ɛː,+,+,-,+,0,-,-,-,+,-,-,-,-,0,-,-,-,-,+,-,-,-,+,-,-,-
ˌɛː,+,+,-,+,0,-,-,-,+,-,-,-,-,0,-,-,-,-,+,-,-,-,+,-,+,-
ˈɛː,+,+,-,+,0,-,-,-,+,-,-,-,-,0,-,-,-,-,+,-,-,-,+,-,+,+
ɛ̃ː,+,+,-,+,0,-,+,-,+,-,-,-,-,0,-,-,-,-,+,-,-,-,+,-,-,-
ˌɛ̃ː,+,+,-,+,0,-,+,-,+,-,-,-,-,0,-,-,-,-,+,-,-,-,+,-,+,-
ˈɛ̃ː,+,+,-,+,0,-,+,-,+,-,-,-,-,0,-,-,-,-,+,-,-,-,+,-,+,+
œ̯,-,+,-,+,0,-,-,-,+,-,-,-,-,0,+,-,-,-,+,+,-,-,-,-,0,0
œ̯̃,-,+,-,+,0,-,+,-,+,-,-,-,-,0,+,-,-,-,+,+,-,-,-,-,0,0
œ,+,+,-,+,0,-,-,-,+,-,-,-,-,0,+,-,-,-,+,+,-,-,-,-,-,-
ˌœ,+,+,-,+,0,-,-,-,+,-,-,-,-,0,+,-,-,-,+,+,-,-,-,-,+,-
ˈœ,+,+,-,+,0,-,-,-,+,-,-,-,-,0,+,-,-,-,+,+,-,-,-,-,+,+
œ̃,+,+,-,+,0,-,+,-,+,-,-,-,-,0,+,-,-,-,+,+,-,-,-,-,-,-
ˌœ̃,+,+,-,+,0,-,+,-,+,-,-,-,-,0,+,-,-,-,+,+,-,-,-,-,+,-
ˈœ̃,+,+,-,+,0,-,+,-,+,-,-,-,-,0,+,-,-,-,+,+,-,-,-,-,+,+
œː,+,+,-,+,0,-,-,-,+,-,-,-,-,0,+,-,-,-,+,+,-,-,+,-,-,-
ˌœː,+,+,-,+,0,-,-,-,+,-,-,-,-,0,+,-,-,-,+,+,-,-,+,-,+,-
ˈœː,+,+,-,+,0,-,-,-,+,-,-,-,-,0,+,-,-,-,+,+,-,-,+,-,+,+
œ̃ː,+,+,-,+,0,-,+,-,+,-,-,-,-,0,+,-,-,-,+,+,-,-,+,-,-,-
ˌœ̃ː,+,+,-,+,0,-,+,-,+,-,-,-,-,0,+,-,-,-,+,+,-,-,+,-,+,-
ˈœ̃ː,+,+,-,+,0,-,+,-,+,-,-,-,-,0,+,-,-,-,+,+,-,-,+,-,+,+
æ̯,-,+,-,+,0,-,-,-,+,-,-,-,-,0,-,-,+,-,+,-,-,-,-,-,0,0
æ̯̃,-,+,-,+,0,-,+,-,+,-,-,-,-,0,-,-,+,-,+,-,-,-,-,-,0,0
æ,+,+,-,+,0,-,-,-,+,-,-,-,-,0,-,-,+,-,+,-,-,-,-,-,-,-
ˌæ,+,+,-,+,0,-,-,-,+,-,-,-,-,0,-,-,+,-,+,-,-,-,-,-,+,-
ˈæ,+,+,-,+,0,-,-,-,+,-,-,-,-,0,-,-,+,-,+,-,-,-,-,-,+,+
æ̃,+,+,-,+,0,-,+,-,+,-,-,-,-,0,-,-,+,-,+,-,-,-,-,-,-,-
ˌæ̃,+,+,-,+,0,-,+,-,+,-,-,-,-,0,-,-,+,-,+,-,-,-,-,-,+,-
ˈæ̃,+,+,-,+,0,-,+,-,+,-,-,-,-,0,-,-,+,-,+,-,-,-,-,-,+,+
æː,+,+,-,+,0,-,-,-,+,-,-,-,-,0,-,-,+,-,+,-,-,-,+,-,-,-
ˌæː,+,+,-,+,0,-,-,-,+,-,-,-,-,0,-,-,+,-,+,-,-,-,+,-,+,-
ˈæː,+,+,-,+,0,-,-,-,+,-,-,-,-,0,-,-,+,-,+,-,-,-,+,-,+,+
æ̃ː,+,+,-,+,0,-,+,-,+,-,-,-,-,0,-,-,+,-,+,-,-,-,+,-,-,-
ˌæ̃ː,+,+,-,+,0,-,+,-,+,-,-,-,-,0,-,-,+,-,+,-,-,-,+,-,+,-
ˈæ̃ː,+,+,-,+,0,-,+,-,+,-,-,-,-,0,-,-,+,-,+,-,-,-,+,-,+,+
ᴂ̯,-,+,-,+,0,-,-,-,+,-,-,-,-,0,-,-,+,-,+,+,-,-,-,-,0,0
ᴂ̯̃,-,+,-,+,0,-,+,-,+,-,-,-,-,0,-,-,+,-,+,+,-,-,-,-,0,0
ᴂ,+,+,-,+,0,-,-,-,+,-,-,-,-,0,-,-,+,-,+,+,-,-,-,-,-,-
ˌᴂ,+,+,-,+,0,-,-,-,+,-,-,-,-,0,+,-,+,-,+,+,-,-,-,-,+,-
ˈᴂ,+,+,-,+,0,-,-,-,+,-,-,-,-,0,+,-,+,-,+,+,-,-,-,-,+,+
ᴂ̃,+,+,-,+,0,-,+,-,+,-,-,-,-,0,+,-,+,-,+,+,-,-,-,-,-,-
ˌᴂ̃,+,+,-,+,0,-,+,-,+,-,-,-,-,0,+,-,+,-,+,+,-,-,-,-,+,-
ˈᴂ̃,+,+,-,+,0,-,+,-,+,-,-,-,-,0,+,-,+,-,+,+,-,-,-,-,+,+
ᴂː,+,+,-,+,0,-,-,-,+,-,-,-,-,0,+,-,+,-,+,+,-,-,+,-,-,-
ˌᴂː,+,+,-,+,0,-,-,-,+,-,-,-,-,0,+,-,+,-,+,+,-,-,+,-,+,-
ˈᴂː,+,+,-,+,0,-,-,-,+,-,-,-,-,0,+,-,+,-,+,+,-,-,+,-,+,+
ᴂ̃ː,+,+,-,+,0,-,+,-,+,-,-,-,-,0,+,-,+,-,+,+,-,-,+,-,-,-
ˌᴂ̃ː,+,+,-,+,0,-,+,-,+,-,-,-,-,0,+,-,+,-,+,+,-,-,+,-,+,-
a̯,-,+,-,+,0,-,-,-,+,-,-,-,-,0,-,-,+,-,+,-,+,-,-,-,0,0
ã̯,-,+,-,+,0,-,+,-,+,-,-,-,-,0,-,-,+,-,+,-,+,-,-,-,0,0
a,+,+,-,+,0,-,-,-,+,-,-,-,-,0,-,-,+,-,+,-,+,-,-,-,-,-
ˌa,+,+,-,+,0,-,-,-,+,-,-,-,-,0,-,-,+,-,+,-,+,-,-,-,+,-
ˈa,+,+,-,+,0,-,-,-,+,-,-,-,-,0,-,-,+,-,+,-,+,-,-,-,+,+
ã,+,+,-,+,0,-,+,-,+,-,-,-,-,0,-,-,+,-,+,-,+,-,-,-,-,-
ˌã,+,+,-,+,0,-,+,-,+,-,-,-,-,0,-,-,+,-,+,-,+,-,-,-,+,-
ˈã,+,+,-,+,0,-,+,-,+,-,-,-,-,0,-,-,+,-,+,-,+,-,-,-,+,+
aː,+,+,-,+,0,-,-,-,+,-,-,-,-,0,-,-,+,-,+,-,+,-,+,-,-,-
ˌaː,+,+,-,+,0,-,-,-,+,-,-,-,-,0,-,-,+,-,+,-,+,-,+,-,+,-
ˈaː,+,+,-,+,0,-,-,-,+,-,-,-,-,0,-,-,+,-,+,-,+,-,+,-,+,+
ãː,+,+,-,+,0,-,+,-,+,-,-,-,-,0,-,-,+,-,+,-,+,-,+,-,-,-
ˌãː,+,+,-,+,0,-,+,-,+,-,-,-,-,0,-,-,+,-,+,-,+,-,+,-,+,-
ˈãː,+,+,-,+,0,-,+,-,+,-,-,-,-,0,-,-,+,-,+,-,+,-,+,-,+,+
ɶ,+,+,-,+,0,-,-,-,+,-,-,-,-,0,+,-,+,-,+,+,+,-,-,-,-,-
ˌɶ,+,+,-,+,0,-,-,-,+,-,-,-,-,0,+,-,+,-,+,+,+,-,-,-,+,-
ˈɶ,+,+,-,+,0,-,-,-,+,-,-,-,-,0,+,-,+,-,+,+,+,-,-,-,+,+
ɶ̃,+,+,-,+,0,-,+,-,+,-,-,-,-,0,+,-,+,-,+,+,+,-,-,-,-,-
ˌɶ̃,+,+,-,+,0,-,+,-,+,-,-,-,-,0,+,-,+,-,+,+,+,-,-,-,+,-
ˈɶ̃,+,+,-,+,0,-,+,-,+,-,-,-,-,0,+,-,+,-,+,+,+,-,-,-,+,+
ɶː,+,+,-,+,0,-,-,-,+,-,-,-,-,0,+,-,+,-,+,+,+,-,+,-,-,-
ˌɶː,+,+,-,+,0,-,-,-,+,-,-,-,-,0,+,-,+,-,+,+,+,-,+,-,+,-
ˈɶː,+,+,-,+,0,-,-,-,+,-,-,-,-,0,+,-,+,-,+,+,+,-,+,-,+,+
ɶ̃ː,+,+,-,+,0,-,+,-,+,-,-,-,-,0,+,-,+,-,+,+,+,-,+,-,-,-
ˌɶ̃ː,+,+,-,+,0,-,+,-,+,-,-,-,-,0,+,-,+,-,+,+,+,-,+,-,+,-
ˈɶ̃ː,+,+,-,+,0,-,+,-,+,-,-,-,-,0,+,-,+,-,+,+,+,-,+,-,+,+
ɨ,+,+,-,+,0,-,-,-,+,-,-,-,-,0,-,+,-,-,-,-,+,-,-,-,-,-
ˌɨ,+,+,-,+,0,-,-,-,+,-,-,-,-,0,-,+,-,-,-,-,+,-,-,-,+,-
ˈɨ,+,+,-,+,0,-,-,-,+,-,-,-,-,0,-,+,-,-,-,-,+,-,-,-,+,+
ɨ̃,+,+,-,+,0,-,+,-,+,-,-,-,-,0,-,+,-,-,-,-,+,-,-,-,-,-
ˌɨ̃,+,+,-,+,0,-,+,-,+,-,-,-,-,0,-,+,-,-,-,-,+,-,-,-,+,-
ˈɨ̃,+,+,-,+,0,-,+,-,+,-,-,-,-,0,-,+,-,-,-,-,+,-,-,-,+,+
ɨː,+,+,-,+,0,-,-,-,+,-,-,-,-,0,-,+,-,-,-,-,+,-,+,-,-,-
ˌɨː,+,+,-,+,0,-,-,-,+,-,-,-,-,0,-,+,-,-,-,-,+,-,+,-,+,-
ˈɨː,+,+,-,+,0,-,-,-,+,-,-,-,-,0,-,+,-,-,-,-,+,-,+,-,+,+
ɨ̃ː,+,+,-,+,0,-,+,-,+,-,-,-,-,0,-,+,-,-,-,-,+,-,+,-,-,-
ˌɨ̃ː,+,+,-,+,0,-,+,-,+,-,-,-,-,0,-,+,-,-,-,-,+,-,+,-,+,-
ˈɨ̃ː,+,+,-,+,0,-,+,-,+,-,-,-,-,0,-,+,-,-,-,-,+,-,+,-,+,+
ʉ,+,+,-,+,0,-,-,-,+,-,-,-,-,0,+,+,-,-,-,+,+,-,-,-,-,-
ˌʉ,+,+,-,+,0,-,-,-,+,-,-,-,-,0,+,+,-,-,-,+,+,-,-,-,+,-
ˈʉ,+,+,-,+,0,-,-,-,+,-,-,-,-,0,+,+,-,-,-,+,+,-,-,-,+,+
ʉ̃,+,+,-,+,0,-,+,-,+,-,-,-,-,0,+,+,-,-,-,+,+,-,-,-,-,-
ˌʉ̃,+,+,-,+,0,-,+,-,+,-,-,-,-,0,+,+,-,-,-,+,+,-,-,-,+,-
ˈʉ̃,+,+,-,+,0,-,+,-,+,-,-,-,-,0,+,+,-,-,-,+,+,-,-,-,+,+
ʉː,+,+,-,+,0,-,-,-,+,-,-,-,-,0,+,+,-,-,-,+,+,-,+,-,-,-
ˌʉː,+,+,-,+,0,-,-,-,+,-,-,-,-,0,+,+,-,-,-,+,+,-,+,-,+,-
ˈʉː,+,+,-,+,0,-,-,-,+,-,-,-,-,0,+,+,-,-,-,+,+,-,+,-,+,+
ʉ̃ː,+,+,-,+,0,-,+,-,+,-,-,-,-,0,+,+,-,-,-,+,+,-,+,-,-,-
ˌʉ̃ː,+,+,-,+,0,-,+,-,+,-,-,-,-,0,+,+,-,-,-,+,+,-,+,-,+,-
ˈʉ̃ː,+,+,-,+,0,-,+,-,+,-,-,-,-,0,+,+,-,-,-,+,+,-,+,-,+,+
ə̯,-,+,-,+,0,-,-,-,+,-,-,-,-,0,-,-,-,-,-,-,0,-,-,-,0,0
ə̯̃,-,+,-,+,0,-,+,-,+,-,-,-,-,0,-,-,-,-,-,-,0,-,-,-,0,0
ə,+,+,-,+,0,-,-,-,+,-,-,-,-,0,-,-,-,-,-,-,0,-,-,-,-,-
ˌə,+,+,-,+,0,-,-,-,+,-,-,-,-,0,-,-,-,-,-,-,0,-,-,-,+,-
ˈə,+,+,-,+,0,-,-,-,+,-,-,-,-,0,-,-,-,-,-,-,0,-,-,-,+,+
əː,+,+,-,+,0,-,-,-,+,-,-,-,-,0,-,-,-,-,-,-,0,-,+,-,-,-
ˌəː,+,+,-,+,0,-,-,-,+,-,-,-,-,0,-,-,-,-,-,-,0,-,+,-,+,-
ˈəː,+,+,-,+,0,-,-,-,+,-,-,-,-,0,-,-,-,-,-,-,0,-,+,-,+,+
ə̃,+,+,-,+,0,-,+,-,+,-,-,-,-,0,-,-,-,-,-,-,0,-,-,-,-,-
ˌə̃,+,+,-,+,0,-,+,-,+,-,-,-,-,0,-,-,-,-,-,-,0,-,-,-,+,-
ˈə̃,+,+,-,+,0,-,+,-,+,-,-,-,-,0,-,-,-,-,-,-,0,-,-,-,+,+
ə̃ː,+,+,-,+,0,-,+,-,+,-,-,-,-,0,-,-,-,-,-,-,0,-,+,-,-,-
ˌə̃ː,+,+,-,+,0,-,+,-,+,-,-,-,-,0,-,-,-,-,-,-,0,-,+,-,+,-
ˈəː,+,+,-,+,0,-,+,-,+,-,-,-,-,0,-,-,-,-,-,-,0,-,+,-,+,+
ɘ̯,-,+,-,+,0,-,-,-,+,-,-,-,-,0,-,-,-,-,-,-,+,-,-,-,0,0
ɘ̯̃,-,+,-,+,0,-,+,-,+,-,-,-,-,0,-,-,-,-,-,-,+,-,-,-,0,0
ɘ,+,+,-,+,0,-,-,-,+,-,-,-,-,0,-,-,-,-,-,-,+,-,-,-,-,-
ˌɘ,+,+,-,+,0,-,-,-,+,-,-,-,-,0,-,-,-,-,-,-,+,-,-,-,+,-
ˈɘ,+,+,-,+,0,-,-,-,+,-,-,-,-,0,-,-,-,-,-,-,+,-,-,-,+,+
ɘː,+,+,-,+,0,-,-,-,+,-,-,-,-,0,-,-,-,-,-,-,+,-,+,-,-,-
ˌɘː,+,+,-,+,0,-,-,-,+,-,-,-,-,0,-,-,-,-,-,-,+,-,+,-,+,-
ˈɘː,+,+,-,+,0,-,-,-,+,-,-,-,-,0,-,-,-,-,-,-,+,-,+,-,+,+
ɘ̃,+,+,-,+,0,-,+,-,+,-,-,-,-,0,-,-,-,-,-,-,+,-,-,-,-,-
ˌɘ̃,+,+,-,+,0,-,+,-,+,-,-,-,-,0,-,-,-,-,-,-,+,-,-,-,+,-
ˈɘ̃,+,+,-,+,0,-,+,-,+,-,-,-,-,0,-,-,-,-,-,-,+,-,-,-,+,+
ɘ̃ː,+,+,-,+,0,-,+,-,+,-,-,-,-,0,-,-,-,-,-,-,+,-,+,-,-,-
ˌɘ̃ː,+,+,-,+,0,-,+,-,+,-,-,-,-,0,-,-,-,-,-,-,+,-,+,-,+,-
ˈɘː,+,+,-,+,0,-,+,-,+,-,-,-,-,0,-,-,-,-,-,-,+,-,+,-,+,+
ɵ̯,-,+,-,+,0,-,-,-,+,-,-,-,-,0,+,-,-,-,-,+,+,-,-,-,0,0
ɵ̯̃,-,+,-,+,0,-,+,-,+,-,-,-,-,0,+,-,-,-,-,+,+,-,-,-,0,0
ɵ,+,+,-,+,0,-,-,-,+,-,-,-,-,0,+,-,-,-,-,+,+,-,-,-,-,-
ˌɵ,+,+,-,+,0,-,-,-,+,-,-,-,-,0,+,-,-,-,-,+,+,-,-,-,+,-
ˈɵ,+,+,-,+,0,-,-,-,+,-,-,-,-,0,+,-,-,-,-,+,+,-,-,-,+,+
ɵː,+,+,-,+,0,-,-,-,+,-,-,-,-,0,+,-,-,-,-,+,+,-,+,-,-,-
ˌɵː,+,+,-,+,0,-,-,-,+,-,-,-,-,0,+,-,-,-,-,+,+,-,+,-,+,-
ˈɵː,+,+,-,+,0,-,-,-,+,-,-,-,-,0,+,-,-,-,-,+,+,-,+,-,+,+
ɵ̃,+,+,-,+,0,-,+,-,+,-,-,-,-,0,+,-,-,-,-,+,+,-,-,-,-,-
ˌɵ̃,+,+,-,+,0,-,+,-,+,-,-,-,-,0,+,-,-,-,-,+,+,-,-,-,+,-
ˈɵ̃,+,+,-,+,0,-,+,-,+,-,-,-,-,0,+,-,-,-,-,+,+,-,-,-,+,+
ɵ̃ː,+,+,-,+,0,-,+,-,+,-,-,-,-,0,+,-,-,-,-,+,+,-,+,-,-,-
ˌɵ̃ː,+,+,-,+,0,-,+,-,+,-,-,-,-,0,+,-,-,-,-,+,+,-,+,-,+,-
ˈɵː,+,+,-,+,0,-,+,-,+,-,-,-,-,0,+,-,-,-,-,+,+,-,+,-,+,+
ɜ̯,-,+,-,+,0,-,-,-,+,-,-,-,-,0,-,-,-,-,-,-,-,-,-,-,0,0
ɜ̯̃,-,+,-,+,0,-,+,-,+,-,-,-,-,0,-,-,-,-,-,-,-,-,-,-,0,0
ɜ,+,+,-,+,0,-,-,-,+,-,-,-,-,0,-,-,-,-,-,-,-,-,-,-,-,-
ˌɜ,+,+,-,+,0,-,-,-,+,-,-,-,-,0,-,-,-,-,-,-,-,-,-,-,+,-
ˈɜ,+,+,-,+,0,-,-,-,+,-,-,-,-,0,-,-,-,-,-,-,-,-,-,-,+,+
ɜː,+,+,-,+,0,-,-,-,+,-,-,-,-,0,-,-,-,-,-,-,-,-,+,-,-,-
ˌɜː,+,+,-,+,0,-,-,-,+,-,-,-,-,0,-,-,-,-,-,-,-,-,+,-,+,-
ˈɜː,+,+,-,+,0,-,-,-,+,-,-,-,-,0,-,-,-,-,-,-,-,-,+,-,+,+
ɜ̃,+,+,-,+,0,-,+,-,+,-,-,-,-,0,-,-,-,-,-,-,-,-,-,-,-,-
ˌɜ̃,+,+,-,+,0,-,+,-,+,-,-,-,-,0,-,-,-,-,-,-,-,-,-,-,+,-
ˈɜ̃,+,+,-,+,0,-,+,-,+,-,-,-,-,0,-,-,-,-,-,-,-,-,-,-,+,+
ɜ̃ː,+,+,-,+,0,-,+,-,+,-,-,-,-,0,-,-,-,-,-,-,-,-,+,-,-,-
ˌɜ̃ː,+,+,-,+,0,-,+,-,+,-,-,-,-,0,-,-,-,-,-,-,-,-,+,-,+,-
ˈɜː,+,+,-,+,0,-,+,-,+,-,-,-,-,0,-,-,-,-,-,-,-,-,+,-,+,+
ɞ̯,-,+,-,+,0,-,-,-,+,-,-,-,-,0,+,-,-,-,-,+,-,-,-,-,0,0
ɞ̯̃,-,+,-,+,0,-,+,-,+,-,-,-,-,0,+,-,-,-,-,+,-,-,-,-,0,0
ɞ,+,+,-,+,0,-,-,-,+,-,-,-,-,0,+,-,-,-,-,+,-,-,-,-,-,-
ˌɞ,+,+,-,+,0,-,-,-,+,-,-,-,-,0,+,-,-,-,-,+,-,-,-,-,+,-
ˈɞ,+,+,-,+,0,-,-,-,+,-,-,-,-,0,+,-,-,-,-,+,-,-,-,-,+,+
ɞː,+,+,-,+,0,-,-,-,+,-,-,-,-,0,+,-,-,-,-,+,-,-,+,-,-,-
ˌɞː,+,+,-,+,0,-,-,-,+,-,-,-,-,0,+,-,-,-,-,+,-,-,+,-,+,-
ˈɞː,+,+,-,+,0,-,-,-,+,-,-,-,-,0,+,-,-,-,-,+,-,-,+,-,+,+
ɞ̃,+,+,-,+,0,-,+,-,+,-,-,-,-,0,+,-,-,-,-,+,-,-,-,-,-,-
ˌɞ̃,+,+,-,+,0,-,+,-,+,-,-,-,-,0,+,-,-,-,-,+,-,-,-,-,+,-
ˈɞ̃,+,+,-,+,0,-,+,-,+,-,-,-,-,0,+,-,-,-,-,+,-,-,-,-,+,+
ɞ̃ː,+,+,-,+,0,-,+,-,+,-,-,-,-,0,+,-,-,-,-,+,-,-,+,-,-,-
ˌɞ̃ː,+,+,-,+,0,-,+,-,+,-,-,-,-,0,+,-,-,-,-,+,-,-,+,-,+,-
ˈɞː,+,+,-,+,0,-,+,-,+,-,-,-,-,0,+,-,-,-,-,+,-,-,+,-,+,+
ᴀ̯,-,+,-,+,0,-,-,-,+,-,-,-,-,0,-,-,+,-,-,-,0,-,-,-,0,0
ᴀ̯̃,-,+,-,+,0,-,+,-,+,-,-,-,-,0,-,-,+,-,-,-,0,-,-,-,0,0
ᴀ,+,+,-,+,0,-,-,-,+,-,-,-,-,0,-,-,+,-,-,-,0,-,-,-,-,-
ˌᴀ,+,+,-,+,0,-,-,-,+,-,-,-,-,0,-,-,+,-,-,-,0,-,-,-,+,-
ˈᴀ,+,+,-,+,0,-,-,-,+,-,-,-,-,0,-,-,+,-,-,-,0,-,-,-,+,+
ᴀ̃,+,+,-,+,0,-,+,-,+,-,-,-,-,0,-,-,+,-,-,-,0,-,-,-,-,-
ˌᴀ̃,+,+,-,+,0,-,+,-,+,-,-,-,-,0,-,-,+,-,-,-,0,-,-,-,+,-
ˈᴀ̃,+,+,-,+,0,-,+,-,+,-,-,-,-,0,-,-,+,-,-,-,0,-,-,-,+,+
ᴀː,+,+,-,+,0,-,-,-,+,-,-,-,-,0,-,-,+,-,-,-,0,-,+,-,-,-
ˌᴀː,+,+,-,+,0,-,-,-,+,-,-,-,-,0,-,-,+,-,-,-,0,-,+,-,+,-
ˈᴀː,+,+,-,+,0,-,-,-,+,-,-,-,-,0,-,-,+,-,-,-,0,-,+,-,+,+
ᴀ̃ː,+,+,-,+,0,-,+,-,+,-,-,-,-,0,-,-,+,-,-,-,0,-,+,-,-,-
ˌᴀ̃ː,+,+,-,+,0,-,+,-,+,-,-,-,-,0,-,-,+,-,-,-,0,-,+,-,+,-
ˈᴀ̃ː,+,+,-,+,0,-,+,-,+,-,-,-,-,0,-,-,+,-,-,-,0,-,+,-,+,+
ɰ,-,+,-,+,0,-,-,-,+,-,-,-,-,0,-,+,-,+,-,-,+,-,-,-,0,0
ɯ,+,+,-,+,0,-,-,-,+,-,-,-,-,0,-,+,-,+,-,-,+,-,-,-,-,-
ˌɯ,+,+,-,+,0,-,-,-,+,-,-,-,-,0,-,+,-,+,-,-,+,-,-,-,+,-
ˈɯ,+,+,-,+,0,-,-,-,+,-,-,-,-,0,-,+,-,+,-,-,+,-,-,-,+,+
ɯː,+,+,-,+,0,-,-,-,+,-,-,-,-,0,-,+,-,+,-,-,+,-,+,-,-,-
ˌɯː,+,+,-,+,0,-,-,-,+,-,-,-,-,0,-,+,-,+,-,-,+,-,+,-,+,-
ˈɯː,+,+,-,+,0,-,-,-,+,-,-,-,-,0,-,+,-,+,-,-,+,-,+,-,+,+
w,-,+,-,+,0,-,-,-,+,-,-,-,-,0,+,+,-,+,-,+,+,-,-,-,0,0
w̃,-,+,-,+,0,-,+,-,+,-,-,-,-,0,+,+,-,+,-,+,+,-,-,-,0,0
u,+,+,-,+,0,-,-,-,+,-,-,-,-,0,+,+,-,+,-,+,+,-,-,-,-,-
ˌu,+,+,-,+,0,-,-,-,+,-,-,-,-,0,+,+,-,+,-,+,+,-,-,-,+,-
ˈu,+,+,-,+,0,-,-,-,+,-,-,-,-,0,+,+,-,+,-,+,+,-,-,-,+,+
ũ,+,+,-,+,0,-,+,-,+,-,-,-,-,0,+,+,-,+,-,+,+,-,-,-,-,-
ˌũ,+,+,-,+,0,-,+,-,+,-,-,-,-,0,+,+,-,+,-,+,+,-,-,-,+,-
ˈũ,+,+,-,+,0,-,+,-,+,-,-,-,-,0,+,+,-,+,-,+,+,-,-,-,+,+
uː,+,+,-,+,0,-,-,-,+,-,-,-,-,0,+,+,-,+,-,+,+,-,+,-,-,-
ˌuː,+,+,-,+,0,-,-,-,+,-,-,-,-,0,+,+,-,+,-,+,+,-,+,-,+,-
ˈuː,+,+,-,+,0,-,-,-,+,-,-,-,-,0,+,+,-,+,-,+,+,-,+,-,+,+
ũː,+,+,-,+,0,-,+,-,+,-,-,-,-,0,+,+,-,+,-,+,+,-,+,-,-,-
ˌũː,+,+,-,+,0,-,+,-,+,-,-,-,-,0,+,+,-,+,-,+,+,-,+,-,+,-
ˈũː,+,+,-,+,0,-,+,-,+,-,-,-,-,0,+,+,-,+,-,+,+,-,+,-,+,+
ω̯,-,+,-,+,0,-,-,-,+,-,-,-,-,0,-,+,-,+,-,-,-,-,-,-,0,0
ω̯̃,-,+,-,+,0,-,+,-,+,-,-,-,-,0,-,+,-,+,-,-,-,-,-,-,0,0
ω,+,+,-,+,0,-,-,-,+,-,-,-,-,0,-,+,-,+,-,-,-,-,-,-,-,-
ˌω,+,+,-,+,0,-,-,-,+,-,-,-,-,0,-,+,-,+,-,-,-,-,-,-,+,-
ˈω,+,+,-,+,0,-,-,-,+,-,-,-,-,0,-,+,-,+,-,-,-,-,-,-,+,+
ω̃,+,+,-,+,0,-,+,-,+,-,-,-,-,0,-,+,-,+,-,-,-,-,-,-,-,-
ˌω̃,+,+,-,+,0,-,+,-,+,-,-,-,-,0,-,+,-,+,-,-,-,-,-,-,+,-
ˈω̃,+,+,-,+,0,-,+,-,+,-,-,-,-,0,-,+,-,+,-,-,-,-,-,-,+,+
ʊ̯,-,+,-,+,0,-,-,-,+,-,-,-,-,0,+,+,-,+,-,+,-,-,-,-,0,0
ʊ̯̃,-,+,-,+,0,-,+,-,+,-,-,-,-,0,+,+,-,+,-,+,-,-,-,-,0,0
ʊ,+,+,-,+,0,-,-,-,+,-,-,-,-,0,+,+,-,+,-,+,-,-,-,-,-,-
ˌʊ,+,+,-,+,0,-,-,-,+,-,-,-,-,0,+,+,-,+,-,+,-,-,-,-,+,-
ˈʊ,+,+,-,+,0,-,-,-,+,-,-,-,-,0,+,+,-,+,-,+,-,-,-,-,+,+
ʊ̃,+,+,-,+,0,-,+,-,+,-,-,-,-,0,+,+,-,+,-,+,-,-,-,-,-,-
ˌʊ̃,+,+,-,+,0,-,+,-,+,-,-,-,-,0,+,+,-,+,-,+,-,-,-,-,+,-
ˈʊ̃,+,+,-,+,0,-,+,-,+,-,-,-,-,0,+,+,-,+,-,+,-,-,-,-,+,+
ɤ̯,-,+,-,+,0,-,-,-,+,-,-,-,-,0,-,-,-,+,-,-,+,-,-,-,0,0
ɤ̯̃,-,+,-,+,0,-,+,-,+,-,-,-,-,0,-,-,-,+,-,-,+,-,-,-,0,0
ɤ,+,+,-,+,0,-,-,-,+,-,-,-,-,0,-,-,-,+,-,-,+,-,-,-,-,-
ˌɤ,+,+,-,+,0,-,-,-,+,-,-,-,-,0,-,-,-,+,-,-,+,-,-,-,+,-
ˈɤ,+,+,-,+,0,-,-,-,+,-,-,-,-,0,-,-,-,+,-,-,+,-,-,-,+,+
ɤ̃,+,+,-,+,0,-,+,-,+,-,-,-,-,0,-,-,-,+,-,-,+,-,-,-,-,-
ˌɤ̃,+,+,-,+,0,-,+,-,+,-,-,-,-,0,-,-,-,+,-,-,+,-,-,-,+,-
ˈɤ̃,+,+,-,+,0,-,+,-,+,-,-,-,-,0,-,-,-,+,-,-,+,-,-,-,+,+
ɤː,+,+,-,+,0,-,-,-,+,-,-,-,-,0,-,-,-,+,-,-,+,-,+,-,-,-
ˌɤː,+,+,-,+,0,-,-,-,+,-,-,-,-,0,-,-,-,+,-,-,+,-,+,-,+,-
ˈɤː,+,+,-,+,0,-,-,-,+,-,-,-,-,0,-,-,-,+,-,-,+,-,+,-,+,+
ɤ̃ː,+,+,-,+,0,-,+,-,+,-,-,-,-,0,-,-,-,+,-,-,+,-,+,-,-,-
ˌɤ̃ː,+,+,-,+,0,-,+,-,+,-,-,-,-,0,-,-,-,+,-,-,+,-,+,-,+,-
ˈɤ̃ː,+,+,-,+,0,-,+,-,+,-,-,-,-,0,-,-,-,+,-,-,+,-,+,-,+,+
o̯,-,+,-,+,0,-,-,-,+,-,-,-,-,0,+,-,-,+,-,+,+,-,-,-,0,0
õ̯,-,+,-,+,0,-,+,-,+,-,-,-,-,0,+,-,-,+,-,+,+,-,-,-,0,0
o,+,+,-,+,0,-,-,-,+,-,-,-,-,0,+,-,-,+,-,+,+,-,-,-,-,-
ˌo,+,+,-,+,0,-,-,-,+,-,-,-,-,0,+,-,-,+,-,+,+,-,-,-,+,-
ˈo,+,+,-,+,0,-,-,-,+,-,-,-,-,0,+,-,-,+,-,+,+,-,-,-,+,+
õ,+,+,-,+,0,-,+,-,+,-,-,-,-,0,+,-,-,+,-,+,+,-,-,-,-,-
ˌõ,+,+,-,+,0,-,+,-,+,-,-,-,-,0,+,-,-,+,-,+,+,-,-,-,+,-
ˈõ,+,+,-,+,0,-,+,-,+,-,-,-,-,0,+,-,-,+,-,+,+,-,-,-,+,+
oː,+,+,-,+,0,-,-,-,+,-,-,-,-,0,+,-,-,+,-,+,+,-,+,-,-,-
ˌoː,+,+,-,+,0,-,-,-,+,-,-,-,-,0,+,-,-,+,-,+,+,-,+,-,+,-
ˈoː,+,+,-,+,0,-,-,-,+,-,-,-,-,0,+,-,-,+,-,+,+,-,+,-,+,+
õː,+,+,-,+,0,-,+,-,+,-,-,-,-,0,+,-,-,+,-,+,+,-,+,-,-,-
ˌõː,+,+,-,+,0,-,+,-,+,-,-,-,-,0,+,-,-,+,-,+,+,-,+,-,+,-
ˈõː,+,+,-,+,0,-,+,-,+,-,-,-,-,0,+,-,-,+,-,+,+,-,+,-,+,+
ʌ̯,-,+,-,+,0,-,-,-,+,-,-,-,-,0,-,-,-,+,-,-,-,-,-,-,0,0
ʌ̯̃,-,+,-,+,0,-,+,-,+,-,-,-,-,0,-,-,-,+,-,-,-,-,-,-,0,0
ʌ,+,+,-,+,0,-,-,-,+,-,-,-,-,0,-,-,-,+,-,-,-,-,-,-,-,-
ˌʌ,+,+,-,+,0,-,-,-,+,-,-,-,-,0,-,-,-,+,-,-,-,-,-,-,+,-
ˈʌ,+,+,-,+,0,-,-,-,+,-,-,-,-,0,-,-,-,+,-,-,-,-,-,-,+,+
ʌ̃,+,+,-,+,0,-,+,-,+,-,-,-,-,0,-,-,-,+,-,-,-,-,-,-,-,-
ˌʌ̃,+,+,-,+,0,-,+,-,+,-,-,-,-,0,-,-,-,+,-,-,-,-,-,-,+,-
ˈʌ̃,+,+,-,+,0,-,+,-,+,-,-,-,-,0,-,-,-,+,-,-,-,-,-,-,+,+
ʌː,+,+,-,+,0,-,-,-,+,-,-,-,-,0,-,-,-,+,-,-,-,-,+,-,-,-
ˌʌː,+,+,-,+,0,-,-,-,+,-,-,-,-,0,-,-,-,+,-,-,-,-,+,-,+,-
ˈʌː,+,+,-,+,0,-,-,-,+,-,-,-,-,0,-,-,-,+,-,-,-,-,+,-,+,+
ʌ̃ː,+,+,-,+,0,-,+,-,+,-,-,-,-,0,-,-,-,+,-,-,-,-,+,-,-,-
ˌʌ̃ː,+,+,-,+,0,-,+,-,+,-,-,-,-,0,-,-,-,+,-,-,-,-,+,-,+,-
ˈʌ̃ː,+,+,-,+,0,-,+,-,+,-,-,-,-,0,-,-,-,+,-,-,-,-,+,-,+,+
ɔ̯,-,+,-,+,0,-,-,-,+,-,-,-,-,0,+,-,-,+,-,+,-,-,-,-,0,0
ɔ̯̃,-,+,-,+,0,-,+,-,+,-,-,-,-,0,+,-,-,+,-,+,-,-,-,-,0,0
ɔ,+,+,-,+,0,-,-,-,+,-,-,-,-,0,+,-,-,+,-,+,-,-,-,-,-,-
ˌɔ,+,+,-,+,0,-,-,-,+,-,-,-,-,0,+,-,-,+,-,+,-,-,-,-,+,-
ˈɔ,+,+,-,+,0,-,-,-,+,-,-,-,-,0,+,-,-,+,-,+,-,-,-,-,+,+
ɔ̃,+,+,-,+,0,-,+,-,+,-,-,-,-,0,+,-,-,+,-,+,-,-,-,-,-,-
ˌɔ̃,+,+,-,+,0,-,+,-,+,-,-,-,-,0,+,-,-,+,-,+,-,-,-,-,+,-
ˈɔ̃,+,+,-,+,0,-,+,-,+,-,-,-,-,0,+,-,-,+,-,+,-,-,-,-,+,+
ɔː,+,+,-,+,0,-,-,-,+,-,-,-,-,0,+,-,-,+,-,+,-,-,+,-,-,-
ˌɔː,+,+,-,+,0,-,-,-,+,-,-,-,-,0,+,-,-,+,-,+,-,-,+,-,+,-
ˈɔː,+,+,-,+,0,-,-,-,+,-,-,-,-,0,+,-,-,+,-,+,-,-,+,-,+,+
ɔ̃ː,+,+,-,+,0,-,+,-,+,-,-,-,-,0,+,-,-,+,-,+,-,-,+,-,-,-
ˌɔ̃ː,+,+,-,+,0,-,+,-,+,-,-,-,-,0,+,-,-,+,-,+,-,-,+,-,+,-
ˈɔ̃ː,+,+,-,+,0,-,+,-,+,-,-,-,-,0,+,-,-,+,-,+,-,-,+,-,+,+
ɑ̯,-,+,-,+,0,-,-,-,+,-,-,-,-,0,-,-,+,+,-,-,+,-,-,-,0,0
ɑ̯̃,-,+,-,+,0,-,+,-,+,-,-,-,-,0,-,-,+,+,-,-,+,-,-,-,0,0
ɑ,+,+,-,+,0,-,-,-,+,-,-,-,-,0,-,-,+,+,-,-,+,-,-,-,-,-
ˌɑ,+,+,-,+,0,-,-,-,+,-,-,-,-,0,-,-,+,+,-,-,+,-,-,-,+,-
ˈɑ,+,+,-,+,0,-,-,-,+,-,-,-,-,0,-,-,+,+,-,-,+,-,-,-,+,+
ɑ̃,+,+,-,+,0,-,+,-,+,-,-,-,-,0,-,-,+,+,-,-,+,-,-,-,-,-
ˌɑ̃,+,+,-,+,0,-,+,-,+,-,-,-,-,0,-,-,+,+,-,-,+,-,-,-,+,-
ˈɑ̃,+,+,-,+,0,-,+,-,+,-,-,-,-,0,-,-,+,+,-,-,+,-,-,-,+,+
ɑː,+,+,-,+,0,-,-,-,+,-,-,-,-,0,-,-,+,+,-,-,+,-,+,-,-,-
ˌɑː,+,+,-,+,0,-,-,-,+,-,-,-,-,0,-,-,+,+,-,-,+,-,+,-,+,-
ˈɑː,+,+,-,+,0,-,-,-,+,-,-,-,-,0,-,-,+,+,-,-,+,-,+,-,+,+
ɑ̃ː,+,+,-,+,0,-,+,-,+,-,-,-,-,0,-,-,+,+,-,-,+,-,+,-,-,-
ˌɑ̃ː,+,+,-,+,0,-,+,-,+,-,-,-,-,0,-,-,+,+,-,-,+,-,+,-,+,-
ˈɑ̃ː,+,+,-,+,0,-,+,-,+,-,-,-,-,0,-,-,+,+,-,-,+,-,+,-,+,+
ɒ̯,-,+,-,+,0,-,-,-,+,-,-,-,-,0,+,-,+,+,-,+,+,-,-,-,0,0
ɒ̯̃,-,+,-,+,0,-,+,-,+,-,-,-,-,0,+,-,+,+,-,+,+,-,-,-,0,0
ɒ,+,+,-,+,0,-,-,-,+,-,-,-,-,0,+,-,+,+,-,+,+,-,-,-,-,-
ˌɒ,+,+,-,+,0,-,-,-,+,-,-,-,-,0,+,-,+,+,-,+,+,-,-,-,+,-
ˈɒ,+,+,-,+,0,-,-,-,+,-,-,-,-,0,+,-,+,+,-,+,+,-,-,-,+,+
ɒ̃,+,+,-,+,0,-,+,-,+,-,-,-,-,0,+,-,+,+,-,+,+,-,-,-,-,-
ˌɒ̃,+,+,-,+,0,-,+,-,+,-,-,-,-,0,+,-,+,+,-,+,+,-,-,-,+,-
ˈɒ̃,+,+,-,+,0,-,+,-,+,-,-,-,-,0,+,-,+,+,-,+,+,-,-,-,+,+
ɒː,+,+,-,+,0,-,-,-,+,-,-,-,-,0,+,-,+,+,-,+,+,-,+,-,-,-
ˌɒː,+,+,-,+,0,-,-,-,+,-,-,-,-,0,+,-,+,+,-,+,+,-,+,-,+,-
ˈɒː,+,+,-,+,0,-,-,-,+,-,-,-,-,0,+,-,+,+,-,+,+,-,+,-,+,+
ɒ̃ː,+,+,-,+,0,-,+,-,+,-,-,-,-,0,+,-,+,+,-,+,+,-,+,-,-,-
ˌɒ̃ː,+,+,-,+,0,-,+,-,+,-,-,-,-,0,+,-,+,+,-,+,+,-,+,-,+,-
ˈɒ̃ː,+,+,-,+,0,-,+,-,+,-,-,-,-,0,+,-,+,+,-,+,+,-,+,-,+,+
ɐ̯,-,+,-,+,0,-,-,-,+,-,-,-,-,0,-,-,+,+,-,-,-,-,-,-,0,0
ɐ̯̃,-,+,-,+,0,-,+,-,+,-,-,-,-,0,-,-,+,+,-,-,-,-,-,-,0,0
ɐ,+,+,-,+,0,-,-,-,+,-,-,-,-,0,-,-,+,+,-,-,-,-,-,-,-,-
ˌɐ,+,+,-,+,0,-,-,-,+,-,-,-,-,0,-,-,+,+,-,-,-,-,-,-,+,-
ˈɐ,+,+,-,+,0,-,-,-,+,-,-,-,-,0,-,-,+,+,-,-,-,-,-,-,+,+
ɐ̃,+,+,-,+,0,-,+,-,+,-,-,-,-,0,-,-,+,+,-,-,-,-,-,-,-,-
ˌɐ̃,+,+,-,+,0,-,+,-,+,-,-,-,-,0,-,-,+,+,-,-,-,-,-,-,+,-
ˈɐ̃,+,+,-,+,0,-,+,-,+,-,-,-,-,0,-,-,+,+,-,-,-,-,-,-,+,+
ɐː,+,+,-,+,0,-,-,-,+,-,-,-,-,0,-,-,+,+,-,-,-,-,+,-,-,-
ˌɐː,+,+,-,+,0,-,-,-,+,-,-,-,-,0,-,-,+,+,-,-,-,-,+,-,+,-
ˈɐː,+,+,-,+,0,-,-,-,+,-,-,-,-,0,-,-,+,+,-,-,-,-,+,-,+,+
ɐ̃ː,+,+,-,+,0,-,+,-,+,-,-,-,-,0,-,-,+,+,-,-,-,-,+,-,-,-
ˌɐ̃ː,+,+,-,+,0,-,+,-,+,-,-,-,-,0,-,-,+,+,-,-,-,-,+,-,+,-
ˈɐ̃ː,+,+,-,+,0,-,+,-,+,-,-,-,-,0,-,-,+,+,-,-,-,-,+,-,+,+